biogroup,biomass,number
Pond1,72.16227492,1600
Pond2,38.79310345,300
Pond3,40.30054645,118
Pond4,53.76344086,100
Pond5,178.6394817,150